{"type": "graphics.polygon", "scale":0.2, "animations": {"default": [[[84.04255, 258.74516], [84.04255, 437.46857], [190.42553, 437.46857], [190.42553, 355.55367], [166.20943, 341.5725], [188.69867999999997, 328.58832], [188.69867999999997, 352.36218], [188.69867999999997, 259.80899]]]}}
