{"type": "graphics.polygon", "scale": 3, "animations": {"default": [[[100, 100, 255, 255], [59.636363, 29.454544], [42.867904, 38.236725], [32.909091, 53.81818], [23.139878, 55.895249], [12.844535, 46.101345], [6.1818189, 29.454544], [11.593908, 16.735581], [24.909091, 9.0909077], [38.022343, 10.098138], [49.174371, 14.960813000000002], [57.768576, 23.645445000000002]]]}}
