{"type": "graphics.polygon", "scale": 0.08, "animations": {"default": [[[257.14286, 612.36218], [308.57142999999996, 366.64789999999994], [368.57142999999996, 340.93360999999993], [380.0, 358.07647], [431.42857, 343.79075], [448.57143, 369.50504], [500.0, 352.36218], [508.57143, 398.07647000000003], [557.14286, 366.64790000000005], [560.0, 403.79075000000006], [488.57143, 652.3621800000001], [434.28571, 686.6479], [428.57143, 635.21933], [368.57143, 666.6479], [365.71429, 618.0764700000001], [325.71429, 658.0764700000001], [294.28571, 612.36218], [260.0, 649.50504]]]}}
