{"type": "graphics.polygon", "scale": 5, "animations": {"default": [[[4.1666665, 57.165359], [315.00001000000003, 57.165359], [315.00001000000003, 90.498692], [4.166666500000019, 90.498692]]]}}
